[
  {
    "GroupId": 1,
    "GroupName": "Viaje de verano",
    "IMAGE": "IMAGE/viajeverano.jpg",
    "Members": [
      "ana@email.com",
      "carlos@email.com",
      "lucia@email.com"
    ],
    "Expenses": []
  },
  {
    "GroupId": 2,
    "GroupName": "Casa compartida",
    "IMAGE": "IMAGE/casacompartida.jpg",
    "Members": [
      "pedro@email.com",
      "maria@email.com"
    ],
    "Expenses": []
  },
  {
    "GroupId": 3,
    "GroupName": "Proyecto trabajo",
    "IMAGE": "IMAGE/proyectotrabajo.jpg",
    "Members": [
      "javier@email.com",
      "sofia@email.com",
      "diego@email.com",
      "camila@email.com"
    ],
    "Expenses": []
  },
  {
    "GroupId": 4,
    "GroupName": "Amigos del gym",
    "IMAGE": "IMAGE/amigosdelgym.jpg",
    "Members": [
      "andres@email.com",
      "valentina@email.com",
      "fernando@email.com"
    ],
    "Expenses": []
  },
  {
    "GroupId": 5,
    "GroupName": "Club de lectura",
    "IMAGE": "IMAGE/clubdelectura.jpg",
    "Members": [
      "paula@email.com",
      "hector@email.com",
      "daniela@email.com"
    ],
    "Expenses": []
  },
  {
    "GroupId": 6,
    "GroupName": "Familia Ruiz",
    "IMAGE": "IMAGE/familiaRuiz.jpg",
    "Members": [
      "ricardo@email.com",
      "laura@email.com",
      "gabriel@email.com"
    ],
    "Expenses": []
  },
  {
    "GroupId": 7,
    "GroupName": "Equipo fútbol",
    "IMAGE": "IMAGE/equipofutbol.jpg",
    "Members": [
      "elena@email.com",
      "manuel@email.com",
      "isabela@email.com",
      "miguel@email.com"
    ],
    "Expenses": []
  },
  {
    "GroupId": 8,
    "GroupName": "Viaje fin de semana",
    "IMAGE": "IMAGE/viajefindesemana.jpg",
    "Members": [
      "renata@email.com",
      "alvaro@email.com",
      "julieta@email.com"
    ],
    "Expenses": []
  },
  {
    "GroupId": 9,
    "GroupName": "Amigos universidad",
    "IMAGE": "IMAGE/amigosuniversidad.jpg",
    "Members": [
      "tomas@email.com",
      "natalia@email.com",
      "sebastian@email.com"
    ],
    "Expenses": []
  },
  {
    "GroupId": 10,
    "GroupName": "Grupo música",
    "IMAGE": "IMAGE/grupomusica.jpg",
    "Members": [
      "alicia@email.com",
      "esteban@email.com",
      "claudia@email.com"
    ],
    "Expenses": []
  },
  {
    "GroupId": 11,
    "GroupName": "Reunión trabajo",
    "IMAGE": "IMAGE/reuniontrabajo.jpg",
    "Members": [
      "joaquin@email.com",
      "daniel@email.com",
      "melissa@email.com"
    ],
    "Expenses": []
  },
  {
    "GroupId": 12,
    "GroupName": "Café semanal",
    "IMAGE": "IMAGE/cafe.jpg",
    "Members": [
      "francisco@email.com",
      "antonella@email.com",
      "cristian@email.com"
    ],
    "Expenses": []
  },
  {
    "GroupId": 13,
    "GroupName": "Vecinos edificio",
    "IMAGE": "IMAGE/vecinosedificio.jpg",
    "Members": [
      "violeta@email.com",
      "rodrigo@email.com",
      "bianca@email.com"
    ],
    "Expenses": []
  },
  {
    "GroupId": 14,
    "GroupName": "Equipo de baloncesto",
    "IMAGE": "IMAGE/equipodebaloncesto.jpg",
    "Members": [
      "oscar@email.com",
      "tamara@email.com",
      "luis@email.com"
    ],
    "Expenses": []
  },
  {
    "GroupId": 15,
    "GroupName": "Amigos del trabajo",
    "IMAGE": "IMAGE/amigosdeltrabajo.jpg",
    "Members": [
      "andrean@email.com",
      "mario@email.com",
      "florencia@email.com"
    ],
    "Expenses": []
  },
  {
    "GroupId": 16,
    "GroupName": "Viaje familiar",
    "IMAGE": "IMAGE/viajefamiliar.jpg",
    "Members": [
      "ivan@email.com",
      "rebeca@email.com",
      "emilio@email.com",
      "marina@email.com"
    ],
    "Expenses": []
  },
  {
    "GroupId": 17,
    "GroupName": "Cena mensual",
    "IMAGE": "IMAGE/cenamensual.jpg",
    "Members": [
      "ana@email.com",
      "carlos@email.com",
      "javier@email.com"
    ],
    "Expenses": []
  },
  {
    "GroupId": 18,
    "GroupName": "Proyecto arte",
    "IMAGE": "IMAGE/proyectoarte.jpg",
    "Members": [
      "lucia@email.com",
      "sofia@email.com",
      "paula@email.com"
    ],
    "Expenses": []
  },
  {
    "GroupId": 19,
    "GroupName": "Entrenamiento",
    "IMAGE": "IMAGE/entrenamiento.jpg",
    "Members": [
      "hector@email.com",
      "fernando@email.com",
      "andres@email.com"
    ],
    "Expenses": []
  },
  {
    "GroupId": 20,
    "GroupName": "Grupo de estudio",
    "IMAGE": "IMAGE/grupodeestudio.jpg",
    "Members": [
      "daniela@email.com",
      "julieta@email.com",
      "manuel@email.com"
    ],
    "Expenses": []
  },
  {
    "GroupId": 21,
    "GroupName": "Salida cine",
    "IMAGE": "IMAGE/cine.jpg",
    "Members": [
      "miguel@email.com",
      "renata@email.com",
      "tomas@email.com"
    ],
    "Expenses": []
  },
  {
    "GroupId": 22,
    "GroupName": "Viaje internacional",
    "IMAGE": "IMAGE/viajeinternacional.jpg",
    "Members": [
      "alvaro@email.com",
      "sebastian@email.com",
      "alicia@email.com"
    ],
    "Expenses": []
  },
  {
    "GroupId": 23,
    "GroupName": "Club de senderismo",
    "IMAGE": "IMAGE/clubdesenderismo.jpg",
    "Members": [
      "esteban@email.com",
      "claudia@email.com",
      "joaquin@email.com"
    ],
    "Expenses": []
  },
  {
    "GroupId": 24,
    "GroupName": "Fiesta cumpleaños",
    "IMAGE": "IMAGE/fiestacumpleaños.jpg",
    "Members": [
      "daniel@email.com",
      "melissa@email.com",
      "francisco@email.com"
    ],
    "Expenses": []
  },
  {
    "GroupId": 25,
    "GroupName": "Taller cocina",
    "IMAGE": "IMAGE/tallercocina.jpg",
    "Members": [
      "antonella@email.com",
      "cristian@email.com",
      "violeta@email.com"
    ],
    "Expenses": []
  },
  {
    "GroupId": 26,
    "GroupName": "Amigos de barrio",
    "IMAGE": "IMAGE/amigosdelbarrio.jpg",
    "Members": [
      "rodrigo@email.com",
      "bianca@email.com",
      "oscar@email.com"
    ],
    "Expenses": []
  },
  {
    "GroupId": 27,
    "GroupName": "Grupo videojuegos",
    "IMAGE": "IMAGE/grupovideojuegos.jpg",
    "Members": [
      "tamara@email.com",
      "luis@email.com",
      "andrean@email.com"
    ],
    "Expenses": []
  },
  {
    "GroupId": 28,
    "GroupName": "Club de fotografía",
    "IMAGE": "IMAGE/clubdefotografia.jpg",
    "Members": [
      "mario@email.com",
      "florencia@email.com",
      "ivan@email.com"
    ],
    "Expenses": []
  },
  {
    "GroupId": 29,
    "GroupName": "Reunión vecinos",
    "IMAGE": "IMAGE/reuniónvecionos.jpg",
    "Members": [
      "rebeca@email.com",
      "emilio@email.com",
      "marina@email.com"
    ],
    "Expenses": []
  },
  {
    "GroupId": 30,
    "GroupName": "Comunidad online",
    "IMAGE": "IMAGE/comunidadonline.jpg",
    "Members": [
      "ana@email.com",
      "carlos@email.com",
      "lucia@email.com",
      "pedro@email.com"
    ],
    "Expenses": []
  },
  {
    "GroupId": 32,
    "GroupName": "viaje",
    "IMAGE": null,
    "Members": [
      "alicia@gmail.com"
    ],
    "Expenses": []
  },
  {
    "GroupId": 34,
    "GroupName": "viaje",
    "IMAGE": null,
    "Members": [
      "andres@gmail.com"
    ],
    "Expenses": []
  },
  {
    "GroupId": 36,
    "GroupName": "Salida",
    "IMAGE": null,
    "Members": [
      "carlos@gmail.com"
    ],
    "Expenses": []
  }
]