[
  {
    "Name": "Ana Martínez",
    "Email": "ana@gmail.com",
    "Password": "123",
    "Type": "Regular"
  },
  {
    "Name": "Carlos Gómez",
    "Email": "carlos@gmail.com",
    "Password": "123",
    "Type": "Regular"
  },
  {
    "Name": "Lucía Rojas",
    "Email": "lucia@gmail.com",
    "Password": "123",
    "Type": "Regular"
  },
  {
    "Name": "Pedro Sánchez",
    "Email": "pedro@gmail.com",
    "Password": "123",
    "Type": "Regular"
  },
  {
    "Name": "María Fernández",
    "Email": "maria@gmail.com",
    "Password": "123",
    "Type": "Regular"
  },
  {
    "Name": "Javier Morales",
    "Email": "javier@gmail.com",
    "Password": "123",
    "Type": "Regular"
  },
  {
    "Name": "Sofía Ramírez",
    "Email": "sofia@gmail.com",
    "Password": "123",
    "Type": "Regular"
  },
  {
    "Name": "Diego Castro",
    "Email": "diego@gmail.com",
    "Password": "123",
    "Type": "Regular"
  },
  {
    "Name": "Camila Vargas",
    "Email": "camila@gmail.com",
    "Password": "123",
    "Type": "Regular"
  },
  {
    "Name": "Andrés Herrera",
    "Email": "andres@gmail.com",
    "Password": "123",
    "Type": "Regular"
  },
  {
    "Name": "Valentina Navarro",
    "Email": "valentina@gmail.com",
    "Password": "123",
    "Type": "Regular"
  },
  {
    "Name": "Fernando Ruiz",
    "Email": "fernando@gmail.com",
    "Password": "123",
    "Type": "Regular"
  },
  {
    "Name": "Paula Méndez",
    "Email": "paula@gmail.com",
    "Password": "123",
    "Type": "Regular"
  },
  {
    "Name": "Héctor Delgado",
    "Email": "hector@gmail.com",
    "Password": "123",
    "Type": "Regular"
  },
  {
    "Name": "Daniela Pineda",
    "Email": "daniela@gmail.com",
    "Password": "123",
    "Type": "Regular"
  },
  {
    "Name": "Ricardo León",
    "Email": "ricardo@gmail.com",
    "Password": "123",
    "Type": "Regular"
  },
  {
    "Name": "Laura Torres",
    "Email": "laura@gmail.com",
    "Password": "123",
    "Type": "Regular"
  },
  {
    "Name": "Gabriel Silva",
    "Email": "gabriel@gmail.com",
    "Password": "123",
    "Type": "Regular"
  },
  {
    "Name": "Elena Peña",
    "Email": "elena@gmail.com",
    "Password": "123",
    "Type": "Regular"
  },
  {
    "Name": "Manuel Ortega",
    "Email": "manuel@gmail.com",
    "Password": "123",
    "Type": "Regular"
  },
  {
    "Name": "Isabela Molina",
    "Email": "isabela@gmail.com",
    "Password": "123",
    "Type": "Regular"
  },
  {
    "Name": "Miguel Arias",
    "Email": "miguel@gmail.com",
    "Password": "123",
    "Type": "Regular"
  },
  {
    "Name": "Renata Salas",
    "Email": "renata@gmail.com",
    "Password": "123",
    "Type": "Regular"
  },
  {
    "Name": "Álvaro Cordero",
    "Email": "alvaro@gmail.com",
    "Password": "123",
    "Type": "Regular"
  },
  {
    "Name": "Julieta Guzmán",
    "Email": "julieta@gmail.com",
    "Password": "123",
    "Type": "Regular"
  },
  {
    "Name": "Tomás Ibáñez",
    "Email": "tomas@gmail.com",
    "Password": "123",
    "Type": "Regular"
  },
  {
    "Name": "Natalia Fuentes",
    "Email": "natalia@gmail.com",
    "Password": "123",
    "Type": "Regular"
  },
  {
    "Name": "Sebastián Ríos",
    "Email": "sebastian@gmail.com",
    "Password": "123",
    "Type": "Regular"
  },
  {
    "Name": "Alicia Camacho",
    "Email": "alicia@gmail.com",
    "Password": "123",
    "Type": "Regular"
  },
  {
    "Name": "Esteban Duarte",
    "Email": "esteban@gmail.com",
    "Password": "123",
    "Type": "Regular"
  },
  {
    "Name": "Claudia Solano",
    "Email": "claudia@gmail.com",
    "Password": "123",
    "Type": "Regular"
  },
  {
    "Name": "Joaquín Paredes",
    "Email": "joaquin@gmail.com",
    "Password": "123",
    "Type": "Regular"
  },
  {
    "Name": "Daniel Salazar",
    "Email": "daniel@gmail.com",
    "Password": "123",
    "Type": "Regular"
  },
  {
    "Name": "Melissa Núñez",
    "Email": "melissa@gmail.com",
    "Password": "123",
    "Type": "Regular"
  },
  {
    "Name": "Francisco Castaño",
    "Email": "francisco@gmail.com",
    "Password": "123",
    "Type": "Regular"
  },
  {
    "Name": "Antonella Carrillo",
    "Email": "antonella@gmail.com",
    "Password": "123",
    "Type": "Regular"
  },
  {
    "Name": "Cristian Bravo",
    "Email": "cristian@gmail.com",
    "Password": "123",
    "Type": "Regular"
  },
  {
    "Name": "Violeta Murillo",
    "Email": "violeta@gmail.com",
    "Password": "123",
    "Type": "Regular"
  },
  {
    "Name": "Rodrigo Quirós",
    "Email": "rodrigo@gmail.com",
    "Password": "123",
    "Type": "Regular"
  },
  {
    "Name": "Bianca Aguilar",
    "Email": "bianca@gmail.com",
    "Password": "123",
    "Type": "Regular"
  },
  {
    "Name": "Oscar Méndez",
    "Email": "oscar@gmail.com",
    "Password": "123",
    "Type": "Regular"
  },
  {
    "Name": "Tamara Céspedes",
    "Email": "tamara@gmail.com",
    "Password": "123",
    "Type": "Regular"
  },
  {
    "Name": "Luis Vega",
    "Email": "luis@gmail.com",
    "Password": "123",
    "Type": "Regular"
  },
  {
    "Name": "Andrea Navarro",
    "Email": "andrean@gmail.com",
    "Password": "123",
    "Type": "Regular"
  },
  {
    "Name": "Mario Campos",
    "Email": "mario@gmail.com",
    "Password": "123",
    "Type": "Regular"
  },
  {
    "Name": "Florencia Lobo",
    "Email": "florencia@gmail.com",
    "Password": "123",
    "Type": "Regular"
  },
  {
    "Name": "Iván Zamora",
    "Email": "ivan@gmail.com",
    "Password": "123",
    "Type": "Regular"
  },
  {
    "Name": "Rebeca Alfaro",
    "Email": "rebeca@gmail.com",
    "Password": "123",
    "Type": "Regular"
  },
  {
    "Name": "Emilio Serrano",
    "Email": "emilio@gmail.com",
    "Password": "123",
    "Type": "Regular"
  },
  {
    "Name": "Marina Cordero",
    "Email": "marina@gmail.com",
    "Password": "123",
    "Type": "Regular"
  }
]